scenario_id,is_synthetic,generation_method,source_seed_id,scenario_family,logical_validity,constraint_violation_count,synthetic_provenance,generation_date,record_origin,pilot_only,training_seed_count,not_for_statistical_inference,synthetic_generation_method,generation_note,video_category_enc,activity_group_enc,workflow_stage_enc,movement_pattern_enc,operating_surface_enc,congestion_level_enc,reinforcement_complexity_enc,access_condition_enc,safety_condition_enc,evidence_level_enc,coding_confidence_enc,manufacturer_name_enc,comparison_robot_enc,labour_count_visible,robot_operator_count
SYN-001,yes,rule_expanded,SEED-012,SF-DEPLOYMENT-JOINT,pass,0,rule_expanded,2026-06-28,synthetic_pilot,yes,14,yes,rule_expanded,Pilot synthetic row in synthetic_scenario_dataset_all.csv,1,9,1,4,2,1,0,2,3,2,2,1,0,0,0
SYN-002,yes,rule_expanded,SEED-012,SF-DEPLOYMENT-JOINT,pass,0,rule_expanded,2026-06-28,synthetic_pilot,yes,14,yes,rule_expanded,Pilot synthetic row in synthetic_scenario_dataset_all.csv,1,9,1,4,2,2,0,1,3,2,2,1,0,0,0
SYN-003,yes,rule_expanded,SEED-012,SF-DEPLOYMENT-JOINT,pass,0,rule_expanded,2026-06-28,synthetic_pilot,yes,14,yes,rule_expanded,Pilot synthetic row in synthetic_scenario_dataset_all.csv,1,9,1,4,2,2,0,2,3,2,2,1,0,0,0
SYN-004,yes,rule_expanded,SEED-012,SF-DEPLOYMENT-JOINT,pass,0,rule_expanded,2026-06-28,synthetic_pilot,yes,14,yes,rule_expanded,Pilot synthetic row in synthetic_scenario_dataset_all.csv,1,9,1,4,2,2,0,3,3,2,2,1,0,0,0
SYN-005,yes,rule_expanded,SEED-012,SF-DEPLOYMENT-JOINT,pass,0,rule_expanded,2026-06-28,synthetic_pilot,yes,14,yes,rule_expanded,Pilot synthetic row in synthetic_scenario_dataset_all.csv,1,9,1,4,2,1,0,1,3,2,2,1,0,0,1
SYN-006,yes,rule_expanded,SEED-012,SF-DEPLOYMENT-JOINT,pass,0,rule_expanded,2026-06-28,synthetic_pilot,yes,14,yes,rule_expanded,Pilot synthetic row in synthetic_scenario_dataset_all.csv,1,9,1,4,2,1,0,1,3,2,2,1,0,0,2
SYN-007,yes,rule_expanded,SEED-004|SEED-006,SF-DEPLOYMENT-JOINT,pass,0,rule_expanded,2026-06-28,synthetic_pilot,yes,14,yes,rule_expanded,Pilot synthetic row in synthetic_scenario_dataset_all.csv,1,4,2,1,1,1,2,1,2,1,2,1,0,8,1
SYN-008,yes,rule_expanded,SEED-004|SEED-006,SF-DEPLOYMENT-JOINT,pass,0,rule_expanded,2026-06-28,synthetic_pilot,yes,14,yes,rule_expanded,Pilot synthetic row in synthetic_scenario_dataset_all.csv,1,4,2,1,1,1,2,2,2,1,2,1,0,8,1
SYN-009,yes,rule_expanded,SEED-004|SEED-006,SF-DEPLOYMENT-JOINT,pass,0,rule_expanded,2026-06-28,synthetic_pilot,yes,14,yes,rule_expanded,Pilot synthetic row in synthetic_scenario_dataset_all.csv,1,4,2,1,1,2,2,1,2,1,2,1,0,8,1
SYN-010,yes,rule_expanded,SEED-004|SEED-006,SF-DEPLOYMENT-JOINT,pass,0,rule_expanded,2026-06-28,synthetic_pilot,yes,14,yes,rule_expanded,Pilot synthetic row in synthetic_scenario_dataset_all.csv,1,4,2,1,1,2,2,2,2,1,2,1,0,8,1
SYN-011,yes,rule_expanded,SEED-014,SF-ROBOT-FRESH-CONCRETE,pass,0,rule_expanded,2026-06-28,synthetic_pilot,yes,14,yes,rule_expanded,Pilot synthetic row in synthetic_scenario_dataset_all.csv,1,4,2,1,1,1,0,2,3,2,2,2,0,0,1
SYN-012,yes,rule_expanded,SEED-014,SF-ROBOT-FRESH-CONCRETE,pass,0,rule_expanded,2026-06-28,synthetic_pilot,yes,14,yes,rule_expanded,Pilot synthetic row in synthetic_scenario_dataset_all.csv,1,4,2,1,1,2,0,1,3,2,2,2,0,0,1
SYN-013,yes,rule_expanded,SEED-014,SF-ROBOT-FRESH-CONCRETE,pass,0,rule_expanded,2026-06-28,synthetic_pilot,yes,14,yes,rule_expanded,Pilot synthetic row in synthetic_scenario_dataset_all.csv,1,4,2,1,1,2,0,2,3,2,2,2,0,0,1
SYN-014,yes,rule_expanded,SEED-014,SF-ROBOT-FRESH-CONCRETE,pass,0,rule_expanded,2026-06-28,synthetic_pilot,yes,14,yes,rule_expanded,Pilot synthetic row in synthetic_scenario_dataset_all.csv,1,4,2,1,1,2,0,3,3,2,2,2,0,0,1
SYN-015,yes,rule_expanded,SEED-001,SF-MIVAN-SLAB-CYCLE,pass,0,rule_expanded,2026-06-28,synthetic_pilot,yes,14,yes,rule_expanded,Pilot synthetic row in synthetic_scenario_dataset_all.csv,0,1,1,0,0,2,2,1,2,1,2,0,0,6,0
SYN-016,yes,rule_expanded,SEED-001,SF-MIVAN-SLAB-CYCLE,pass,0,rule_expanded,2026-06-28,synthetic_pilot,yes,14,yes,rule_expanded,Pilot synthetic row in synthetic_scenario_dataset_all.csv,0,1,1,0,0,2,2,2,2,1,2,0,0,6,0
SYN-017,yes,rule_expanded,SEED-001,SF-MIVAN-SLAB-CYCLE,pass,0,rule_expanded,2026-06-28,synthetic_pilot,yes,14,yes,rule_expanded,Pilot synthetic row in synthetic_scenario_dataset_all.csv,0,1,1,0,0,2,2,3,2,1,2,0,0,6,0
SYN-018,yes,rule_expanded,SEED-001,SF-MIVAN-SLAB-CYCLE,pass,0,rule_expanded,2026-06-28,synthetic_pilot,yes,14,yes,rule_expanded,Pilot synthetic row in synthetic_scenario_dataset_all.csv,0,1,1,0,0,3,2,2,2,1,2,0,0,6,0
SYN-019,yes,rule_expanded,SEED-001,SF-MIVAN-SLAB-CYCLE,pass,0,rule_expanded,2026-06-28,synthetic_pilot,yes,14,yes,rule_expanded,Pilot synthetic row in synthetic_scenario_dataset_all.csv,0,1,1,0,0,3,2,3,2,1,2,0,0,5,0
SYN-020,yes,rule_expanded,SEED-001,SF-MIVAN-SLAB-CYCLE,pass,0,rule_expanded,2026-06-28,synthetic_pilot,yes,14,yes,rule_expanded,Pilot synthetic row in synthetic_scenario_dataset_all.csv,0,1,1,0,0,3,2,3,2,1,2,0,0,7,0
SYN-021,yes,rule_expanded,SEED-002,SF-MIVAN-SLAB-CYCLE,pass,0,rule_expanded,2026-06-28,synthetic_pilot,yes,14,yes,rule_expanded,Pilot synthetic row in synthetic_scenario_dataset_all.csv,0,1,1,0,0,2,2,1,2,1,3,0,0,8,0
SYN-022,yes,rule_expanded,SEED-002,SF-MIVAN-SLAB-CYCLE,pass,0,rule_expanded,2026-06-28,synthetic_pilot,yes,14,yes,rule_expanded,Pilot synthetic row in synthetic_scenario_dataset_all.csv,0,1,1,0,0,2,2,2,2,1,3,0,0,8,0
SYN-023,yes,rule_expanded,SEED-002,SF-MIVAN-SLAB-CYCLE,pass,0,rule_expanded,2026-06-28,synthetic_pilot,yes,14,yes,rule_expanded,Pilot synthetic row in synthetic_scenario_dataset_all.csv,0,1,1,0,0,2,2,3,2,1,3,0,0,8,0
SYN-024,yes,rule_expanded,SEED-002,SF-MIVAN-SLAB-CYCLE,pass,0,rule_expanded,2026-06-28,synthetic_pilot,yes,14,yes,rule_expanded,Pilot synthetic row in synthetic_scenario_dataset_all.csv,0,1,1,0,0,3,2,2,2,1,3,0,0,8,0
SYN-025,yes,rule_expanded,SEED-002,SF-MIVAN-SLAB-CYCLE,pass,0,rule_expanded,2026-06-28,synthetic_pilot,yes,14,yes,rule_expanded,Pilot synthetic row in synthetic_scenario_dataset_all.csv,0,1,1,0,0,3,2,3,2,1,3,0,0,7,0
SYN-026,yes,rule_expanded,SEED-002,SF-MIVAN-SLAB-CYCLE,pass,0,rule_expanded,2026-06-28,synthetic_pilot,yes,14,yes,rule_expanded,Pilot synthetic row in synthetic_scenario_dataset_all.csv,0,1,1,0,0,3,2,3,2,1,3,0,0,9,0
SYN-027,yes,rule_expanded,SEED-003,SF-MIVAN-SLAB-CYCLE,pass,0,rule_expanded,2026-06-28,synthetic_pilot,yes,14,yes,rule_expanded,Pilot synthetic row in synthetic_scenario_dataset_all.csv,0,2,1,0,0,1,2,1,2,1,3,0,0,4,0
SYN-028,yes,rule_expanded,SEED-003,SF-MIVAN-SLAB-CYCLE,pass,0,rule_expanded,2026-06-28,synthetic_pilot,yes,14,yes,rule_expanded,Pilot synthetic row in synthetic_scenario_dataset_all.csv,0,2,1,0,0,1,2,2,2,1,3,0,0,4,0
SYN-029,yes,rule_expanded,SEED-003,SF-MIVAN-SLAB-CYCLE,pass,0,rule_expanded,2026-06-28,synthetic_pilot,yes,14,yes,rule_expanded,Pilot synthetic row in synthetic_scenario_dataset_all.csv,0,2,1,0,0,2,2,1,2,1,3,0,0,4,0
SYN-030,yes,rule_expanded,SEED-003,SF-MIVAN-SLAB-CYCLE,pass,0,rule_expanded,2026-06-28,synthetic_pilot,yes,14,yes,rule_expanded,Pilot synthetic row in synthetic_scenario_dataset_all.csv,0,2,1,0,0,2,2,3,2,1,3,0,0,4,0
SYN-031,yes,rule_expanded,SEED-006,SF-ROBOT-FRESH-CONCRETE,pass,0,rule_expanded,2026-06-28,synthetic_pilot,yes,14,yes,rule_expanded,Pilot synthetic row in synthetic_scenario_dataset_all.csv,1,4,2,1,1,1,0,2,2,1,2,1,0,0,1
SYN-032,yes,rule_expanded,SEED-006,SF-ROBOT-FRESH-CONCRETE,pass,0,rule_expanded,2026-06-28,synthetic_pilot,yes,14,yes,rule_expanded,Pilot synthetic row in synthetic_scenario_dataset_all.csv,1,4,2,1,1,2,0,1,2,1,2,1,0,0,1
SYN-033,yes,rule_expanded,SEED-006,SF-ROBOT-FRESH-CONCRETE,pass,0,rule_expanded,2026-06-28,synthetic_pilot,yes,14,yes,rule_expanded,Pilot synthetic row in synthetic_scenario_dataset_all.csv,1,4,2,1,1,2,0,2,2,1,2,1,0,0,1
SYN-034,yes,rule_expanded,SEED-006,SF-ROBOT-FRESH-CONCRETE,pass,0,rule_expanded,2026-06-28,synthetic_pilot,yes,14,yes,rule_expanded,Pilot synthetic row in synthetic_scenario_dataset_all.csv,1,4,2,1,1,2,0,3,2,1,2,1,0,0,1
SYN-035,yes,rule_expanded,SEED-006,SF-ROBOT-FRESH-CONCRETE,pass,0,rule_expanded,2026-06-28,synthetic_pilot,yes,14,yes,rule_expanded,Pilot synthetic row in synthetic_scenario_dataset_all.csv,1,4,2,1,1,1,0,1,2,1,2,1,0,0,0
SYN-036,yes,rule_expanded,SEED-006,SF-ROBOT-FRESH-CONCRETE,pass,0,rule_expanded,2026-06-28,synthetic_pilot,yes,14,yes,rule_expanded,Pilot synthetic row in synthetic_scenario_dataset_all.csv,1,4,2,1,1,1,0,1,2,1,2,1,0,0,2
SYN-037,yes,rule_expanded,SEED-010,SF-ROBOT-FRESH-CONCRETE,pass,0,rule_expanded,2026-06-28,synthetic_pilot,yes,14,yes,rule_expanded,Pilot synthetic row in synthetic_scenario_dataset_all.csv,1,4,2,1,1,1,0,2,3,2,2,1,0,0,1
SYN-038,yes,rule_expanded,SEED-010,SF-ROBOT-FRESH-CONCRETE,pass,0,rule_expanded,2026-06-28,synthetic_pilot,yes,14,yes,rule_expanded,Pilot synthetic row in synthetic_scenario_dataset_all.csv,1,4,2,1,1,2,0,1,3,2,2,1,0,0,1
SYN-039,yes,rule_expanded,SEED-010,SF-ROBOT-FRESH-CONCRETE,pass,0,rule_expanded,2026-06-28,synthetic_pilot,yes,14,yes,rule_expanded,Pilot synthetic row in synthetic_scenario_dataset_all.csv,1,4,2,1,1,2,0,2,3,2,2,1,0,0,1
SYN-040,yes,rule_expanded,SEED-010,SF-ROBOT-FRESH-CONCRETE,pass,0,rule_expanded,2026-06-28,synthetic_pilot,yes,14,yes,rule_expanded,Pilot synthetic row in synthetic_scenario_dataset_all.csv,1,4,2,1,1,2,0,3,3,2,2,1,0,0,1
SYN-041,yes,rule_expanded,SEED-010,SF-ROBOT-FRESH-CONCRETE,pass,0,rule_expanded,2026-06-28,synthetic_pilot,yes,14,yes,rule_expanded,Pilot synthetic row in synthetic_scenario_dataset_all.csv,1,4,2,1,1,1,0,1,3,2,2,1,0,0,0
SYN-042,yes,rule_expanded,SEED-010,SF-ROBOT-FRESH-CONCRETE,pass,0,rule_expanded,2026-06-28,synthetic_pilot,yes,14,yes,rule_expanded,Pilot synthetic row in synthetic_scenario_dataset_all.csv,1,4,2,1,1,1,0,1,3,2,2,1,0,0,2
SYN-043,yes,rule_expanded,SEED-007,SF-ROBOT-POST-CAST,pass,0,rule_expanded,2026-06-28,synthetic_pilot,yes,14,yes,rule_expanded,Pilot synthetic row in synthetic_scenario_dataset_all.csv,1,7,3,2,3,1,0,2,3,2,2,1,0,0,0
SYN-044,yes,rule_expanded,SEED-007,SF-ROBOT-POST-CAST,pass,0,rule_expanded,2026-06-28,synthetic_pilot,yes,14,yes,rule_expanded,Pilot synthetic row in synthetic_scenario_dataset_all.csv,1,7,3,2,3,2,0,1,3,2,2,1,0,0,0
SYN-045,yes,rule_expanded,SEED-007,SF-ROBOT-POST-CAST,pass,0,rule_expanded,2026-06-28,synthetic_pilot,yes,14,yes,rule_expanded,Pilot synthetic row in synthetic_scenario_dataset_all.csv,1,7,3,2,3,2,0,2,3,2,2,1,0,0,0
SYN-046,yes,rule_expanded,SEED-007,SF-ROBOT-POST-CAST,pass,0,rule_expanded,2026-06-28,synthetic_pilot,yes,14,yes,rule_expanded,Pilot synthetic row in synthetic_scenario_dataset_all.csv,1,7,3,2,3,2,0,3,3,2,2,1,0,0,0
SYN-047,yes,rule_expanded,SEED-007,SF-ROBOT-POST-CAST,pass,0,rule_expanded,2026-06-28,synthetic_pilot,yes,14,yes,rule_expanded,Pilot synthetic row in synthetic_scenario_dataset_all.csv,1,7,3,2,3,1,0,1,3,2,2,1,0,0,1
SYN-048,yes,rule_expanded,SEED-007,SF-ROBOT-POST-CAST,pass,0,rule_expanded,2026-06-28,synthetic_pilot,yes,14,yes,rule_expanded,Pilot synthetic row in synthetic_scenario_dataset_all.csv,1,7,3,2,3,1,0,1,3,2,2,1,0,0,2
SYN-049,yes,rule_expanded,SEED-008,SF-ROBOT-POST-CAST,pass,0,rule_expanded,2026-06-28,synthetic_pilot,yes,14,yes,rule_expanded,Pilot synthetic row in synthetic_scenario_dataset_all.csv,1,6,3,3,3,1,0,2,3,2,2,1,0,0,0
SYN-050,yes,rule_expanded,SEED-008,SF-ROBOT-POST-CAST,pass,0,rule_expanded,2026-06-28,synthetic_pilot,yes,14,yes,rule_expanded,Pilot synthetic row in synthetic_scenario_dataset_all.csv,1,6,3,3,3,2,0,1,3,2,2,1,0,0,0
SYN-GAN-001,yes,tabular_vae,gan_pilot_training_set,SF-ROBOT-FRESH-CONCRETE,pass,0,tabular_generative_pilot,2026-06-28,synthetic_pilot,yes,14,yes,tabular_vae,Pilot synthetic row in synthetic_scenario_dataset_all.csv,1,4,2,1,2,1,0,1,3,2,2,1,0,1,0
SYN-GAN-002,yes,tabular_vae,gan_pilot_training_set,SF-ROBOT-FRESH-CONCRETE,pass,0,tabular_generative_pilot,2026-06-28,synthetic_pilot,yes,14,yes,tabular_vae,Pilot synthetic row in synthetic_scenario_dataset_all.csv,1,4,2,0,0,1,0,1,2,2,2,0,0,2,0
SYN-GAN-003,yes,tabular_vae,gan_pilot_training_set,SF-ROBOT-FRESH-CONCRETE,pass,0,tabular_generative_pilot,2026-06-28,synthetic_pilot,yes,14,yes,tabular_vae,Pilot synthetic row in synthetic_scenario_dataset_all.csv,1,4,2,1,2,1,0,1,3,2,2,1,0,0,0
SYN-GAN-004,yes,tabular_vae,gan_pilot_training_set,SF-ROBOT-FRESH-CONCRETE,pass,0,tabular_generative_pilot,2026-06-28,synthetic_pilot,yes,14,yes,tabular_vae,Pilot synthetic row in synthetic_scenario_dataset_all.csv,1,4,2,1,0,1,0,1,2,2,2,0,0,2,0
SYN-GAN-005,yes,tabular_vae,gan_pilot_training_set,SF-ROBOT-FRESH-CONCRETE,pass,0,tabular_generative_pilot,2026-06-28,synthetic_pilot,yes,14,yes,tabular_vae,Pilot synthetic row in synthetic_scenario_dataset_all.csv,1,4,2,1,1,1,0,1,3,2,2,1,0,1,0
SYN-GAN-006,yes,tabular_vae,gan_pilot_training_set,SF-ROBOT-FRESH-CONCRETE,pass,0,tabular_generative_pilot,2026-06-28,synthetic_pilot,yes,14,yes,tabular_vae,Pilot synthetic row in synthetic_scenario_dataset_all.csv,1,4,2,1,2,2,0,1,3,2,2,0,0,4,0
SYN-GAN-007,yes,tabular_vae,gan_pilot_training_set,SF-ROBOT-FRESH-CONCRETE,pass,0,tabular_generative_pilot,2026-06-28,synthetic_pilot,yes,14,yes,tabular_vae,Pilot synthetic row in synthetic_scenario_dataset_all.csv,1,4,2,1,0,1,0,1,3,2,2,1,0,0,0
SYN-GAN-008,yes,tabular_vae,gan_pilot_training_set,SF-ROBOT-FRESH-CONCRETE,pass,0,tabular_generative_pilot,2026-06-28,synthetic_pilot,yes,14,yes,tabular_vae,Pilot synthetic row in synthetic_scenario_dataset_all.csv,1,4,2,1,0,2,0,1,2,2,2,1,0,2,0
SYN-GAN-009,yes,tabular_vae,gan_pilot_training_set,SF-ROBOT-FRESH-CONCRETE,pass_with_warnings,2,tabular_generative_pilot,2026-06-28,synthetic_pilot,yes,14,yes,tabular_vae,Pilot synthetic row in synthetic_scenario_dataset_all.csv,1,4,2,3,3,1,0,1,3,2,2,1,0,0,0
SYN-GAN-010,yes,tabular_vae,gan_pilot_training_set,SF-ROBOT-FRESH-CONCRETE,pass,0,tabular_generative_pilot,2026-06-28,synthetic_pilot,yes,14,yes,tabular_vae,Pilot synthetic row in synthetic_scenario_dataset_all.csv,1,4,2,1,0,1,0,1,3,2,2,0,0,2,0
SYN-GAN-011,yes,tabular_vae,gan_pilot_training_set,SF-ROBOT-FRESH-CONCRETE,pass,0,tabular_generative_pilot,2026-06-28,synthetic_pilot,yes,14,yes,tabular_vae,Pilot synthetic row in synthetic_scenario_dataset_all.csv,1,4,2,2,1,2,0,2,3,2,2,1,0,1,0
SYN-GAN-012,yes,tabular_vae,gan_pilot_training_set,SF-ROBOT-FRESH-CONCRETE,pass,0,tabular_generative_pilot,2026-06-28,synthetic_pilot,yes,14,yes,tabular_vae,Pilot synthetic row in synthetic_scenario_dataset_all.csv,1,4,2,0,1,2,0,1,3,2,2,1,0,4,0
SYN-GAN-013,yes,tabular_vae,gan_pilot_training_set,SF-ROBOT-FRESH-CONCRETE,pass,0,tabular_generative_pilot,2026-06-28,synthetic_pilot,yes,14,yes,tabular_vae,Pilot synthetic row in synthetic_scenario_dataset_all.csv,1,4,2,0,0,2,0,1,3,2,2,0,0,2,0
SYN-GAN-014,yes,tabular_vae,gan_pilot_training_set,SF-ROBOT-FRESH-CONCRETE,pass,0,tabular_generative_pilot,2026-06-28,synthetic_pilot,yes,14,yes,tabular_vae,Pilot synthetic row in synthetic_scenario_dataset_all.csv,1,4,2,1,0,1,0,1,2,2,2,0,0,4,0
SYN-GAN-015,yes,tabular_vae,gan_pilot_training_set,SF-DEPLOYMENT-JOINT,pass,0,tabular_generative_pilot,2026-06-28,synthetic_pilot,yes,14,yes,tabular_vae,Pilot synthetic row in synthetic_scenario_dataset_all.csv,1,5,2,1,0,2,0,1,2,2,2,1,0,3,0
SYN-GAN-016,yes,tabular_vae,gan_pilot_training_set,SF-DEPLOYMENT-JOINT,pass,0,tabular_generative_pilot,2026-06-28,synthetic_pilot,yes,14,yes,tabular_vae,Pilot synthetic row in synthetic_scenario_dataset_all.csv,1,3,2,2,1,2,1,1,2,2,2,0,0,3,0
SYN-GAN-017,yes,tabular_vae,gan_pilot_training_set,SF-DEPLOYMENT-JOINT,pass,0,tabular_generative_pilot,2026-06-28,synthetic_pilot,yes,14,yes,tabular_vae,Pilot synthetic row in synthetic_scenario_dataset_all.csv,1,3,2,2,0,1,0,2,3,2,2,1,0,1,0
SYN-GAN-018,yes,tabular_vae,gan_pilot_training_set,SF-DEPLOYMENT-JOINT,pass,0,tabular_generative_pilot,2026-06-28,synthetic_pilot,yes,14,yes,tabular_vae,Pilot synthetic row in synthetic_scenario_dataset_all.csv,1,5,2,1,0,1,0,1,3,2,2,1,0,1,0
SYN-GAN-019,yes,tabular_vae,gan_pilot_training_set,SF-DEPLOYMENT-JOINT,pass,0,tabular_generative_pilot,2026-06-28,synthetic_pilot,yes,14,yes,tabular_vae,Pilot synthetic row in synthetic_scenario_dataset_all.csv,1,5,2,2,1,1,0,1,3,2,2,1,0,0,0
SYN-GAN-020,yes,tabular_vae,gan_pilot_training_set,SF-DEPLOYMENT-JOINT,pass,0,tabular_generative_pilot,2026-06-28,synthetic_pilot,yes,14,yes,tabular_vae,Pilot synthetic row in synthetic_scenario_dataset_all.csv,1,2,1,0,0,1,0,2,2,2,2,1,0,3,0
SYN-GAN-021,yes,tabular_vae,gan_pilot_training_set,SF-DEPLOYMENT-JOINT,pass,0,tabular_generative_pilot,2026-06-28,synthetic_pilot,yes,14,yes,tabular_vae,Pilot synthetic row in synthetic_scenario_dataset_all.csv,1,5,2,1,0,2,0,1,3,2,2,1,0,0,0
SYN-GAN-022,yes,tabular_vae,gan_pilot_training_set,SF-DEPLOYMENT-JOINT,pass,0,tabular_generative_pilot,2026-06-28,synthetic_pilot,yes,14,yes,tabular_vae,Pilot synthetic row in synthetic_scenario_dataset_all.csv,1,1,1,1,1,2,0,2,3,2,2,0,0,5,0
SYN-GAN-023,yes,tabular_vae,gan_pilot_training_set,SF-DEPLOYMENT-JOINT,pass,0,tabular_generative_pilot,2026-06-28,synthetic_pilot,yes,14,yes,tabular_vae,Pilot synthetic row in synthetic_scenario_dataset_all.csv,1,2,1,0,1,2,0,1,3,2,2,0,0,2,0
SYN-GAN-024,yes,tabular_vae,gan_pilot_training_set,SF-DEPLOYMENT-JOINT,pass,0,tabular_generative_pilot,2026-06-28,synthetic_pilot,yes,14,yes,tabular_vae,Pilot synthetic row in synthetic_scenario_dataset_all.csv,1,3,2,1,0,2,0,2,3,2,2,1,0,2,0
SYN-GAN-025,yes,tabular_vae,gan_pilot_training_set,SF-MIVAN-SLAB-CYCLE,pass,0,tabular_generative_pilot,2026-06-28,synthetic_pilot,yes,14,yes,tabular_vae,Pilot synthetic row in synthetic_scenario_dataset_all.csv,0,4,2,1,1,2,0,1,2,2,2,1,0,7,0
SYN-GAN-026,yes,tabular_vae,gan_pilot_training_set,SF-MIVAN-SLAB-CYCLE,pass,0,tabular_generative_pilot,2026-06-28,synthetic_pilot,yes,14,yes,tabular_vae,Pilot synthetic row in synthetic_scenario_dataset_all.csv,0,5,2,0,0,2,1,1,2,2,2,0,0,4,0
SYN-GAN-027,yes,tabular_vae,gan_pilot_training_set,SF-MIVAN-SLAB-CYCLE,pass,0,tabular_generative_pilot,2026-06-28,synthetic_pilot,yes,14,yes,tabular_vae,Pilot synthetic row in synthetic_scenario_dataset_all.csv,0,5,2,1,0,2,1,2,2,1,2,1,0,3,0
SYN-GAN-028,yes,tabular_vae,gan_pilot_training_set,SF-MIVAN-SLAB-CYCLE,pass,0,tabular_generative_pilot,2026-06-28,synthetic_pilot,yes,14,yes,tabular_vae,Pilot synthetic row in synthetic_scenario_dataset_all.csv,0,2,1,1,0,2,2,2,2,1,3,0,0,5,0
SYN-GAN-029,yes,tabular_vae,gan_pilot_training_set,SF-MIVAN-SLAB-CYCLE,pass,0,tabular_generative_pilot,2026-06-28,synthetic_pilot,yes,14,yes,tabular_vae,Pilot synthetic row in synthetic_scenario_dataset_all.csv,0,4,2,0,0,1,0,1,2,1,2,0,0,3,0
SYN-GAN-030,yes,tabular_vae,gan_pilot_training_set,SF-MIVAN-SLAB-CYCLE,pass,0,tabular_generative_pilot,2026-06-28,synthetic_pilot,yes,14,yes,tabular_vae,Pilot synthetic row in synthetic_scenario_dataset_all.csv,0,1,3,2,0,2,2,1,2,1,2,1,0,3,0
SYN-GAN-031,yes,tabular_vae,gan_pilot_training_set,SF-MIVAN-SLAB-CYCLE,pass,0,tabular_generative_pilot,2026-06-28,synthetic_pilot,yes,14,yes,tabular_vae,Pilot synthetic row in synthetic_scenario_dataset_all.csv,0,2,1,1,0,2,1,2,2,1,2,0,0,4,0
SYN-GAN-032,yes,tabular_vae,gan_pilot_training_set,SF-MIVAN-SLAB-CYCLE,pass,0,tabular_generative_pilot,2026-06-28,synthetic_pilot,yes,14,yes,tabular_vae,Pilot synthetic row in synthetic_scenario_dataset_all.csv,0,1,1,1,0,2,0,2,2,2,2,1,0,2,0
SYN-GAN-033,yes,tabular_vae,gan_pilot_training_set,SF-MIVAN-SLAB-CYCLE,pass,0,tabular_generative_pilot,2026-06-28,synthetic_pilot,yes,14,yes,tabular_vae,Pilot synthetic row in synthetic_scenario_dataset_all.csv,0,5,2,2,0,2,0,1,2,2,2,0,0,3,0
SYN-GAN-034,yes,tabular_vae,gan_pilot_training_set,SF-MIVAN-SLAB-CYCLE,pass,0,tabular_generative_pilot,2026-06-28,synthetic_pilot,yes,14,yes,tabular_vae,Pilot synthetic row in synthetic_scenario_dataset_all.csv,0,1,1,0,0,1,2,1,2,1,2,0,0,5,0
SYN-GAN-035,yes,tabular_vae,gan_pilot_training_set,SF-MIVAN-SLAB-CYCLE,pass,0,tabular_generative_pilot,2026-06-28,synthetic_pilot,yes,14,yes,tabular_vae,Pilot synthetic row in synthetic_scenario_dataset_all.csv,0,4,2,1,0,2,0,1,2,1,2,0,0,5,0
SYN-GAN-036,yes,tabular_vae,gan_pilot_training_set,SF-MIVAN-SLAB-CYCLE,pass,0,tabular_generative_pilot,2026-06-28,synthetic_pilot,yes,14,yes,tabular_vae,Pilot synthetic row in synthetic_scenario_dataset_all.csv,0,5,2,1,0,2,0,2,2,1,2,0,0,4,0
SYN-GAN-037,yes,tabular_vae,gan_pilot_training_set,SF-MIVAN-SLAB-CYCLE,pass,0,tabular_generative_pilot,2026-06-28,synthetic_pilot,yes,14,yes,tabular_vae,Pilot synthetic row in synthetic_scenario_dataset_all.csv,0,1,3,0,0,2,2,2,2,1,2,0,0,4,0
SYN-GAN-038,yes,tabular_vae,gan_pilot_training_set,SF-MIVAN-SLAB-CYCLE,pass,0,tabular_generative_pilot,2026-06-28,synthetic_pilot,yes,14,yes,tabular_vae,Pilot synthetic row in synthetic_scenario_dataset_all.csv,0,3,2,1,0,2,2,1,2,1,2,0,0,6,0
SYN-GAN-039,yes,tabular_vae,gan_pilot_training_set,SF-ROBOT-POST-CAST,pass,0,tabular_generative_pilot,2026-06-28,synthetic_pilot,yes,14,yes,tabular_vae,Pilot synthetic row in synthetic_scenario_dataset_all.csv,1,6,3,1,0,1,0,2,3,2,2,1,0,1,0
SYN-GAN-040,yes,tabular_vae,gan_pilot_training_set,SF-ROBOT-POST-CAST,pass,0,tabular_generative_pilot,2026-06-28,synthetic_pilot,yes,14,yes,tabular_vae,Pilot synthetic row in synthetic_scenario_dataset_all.csv,1,6,3,1,0,2,0,2,3,2,2,1,0,1,0
SYN-GAN-041,yes,tabular_vae,gan_pilot_training_set,SF-ROBOT-POST-CAST,pass_with_warnings,2,tabular_generative_pilot,2026-06-28,synthetic_pilot,yes,14,yes,tabular_vae,Pilot synthetic row in synthetic_scenario_dataset_all.csv,1,6,3,1,2,1,0,1,3,2,2,1,0,0,0
SYN-GAN-042,yes,tabular_vae,gan_pilot_training_set,SF-ROBOT-POST-CAST,pass_with_warnings,2,tabular_generative_pilot,2026-06-28,synthetic_pilot,yes,14,yes,tabular_vae,Pilot synthetic row in synthetic_scenario_dataset_all.csv,1,6,3,2,1,1,0,2,3,2,2,1,0,2,0
SYN-GAN-043,yes,tabular_vae,gan_pilot_training_set,SF-ROBOT-POST-CAST,pass,0,tabular_generative_pilot,2026-06-28,synthetic_pilot,yes,14,yes,tabular_vae,Pilot synthetic row in synthetic_scenario_dataset_all.csv,1,7,3,2,0,1,0,2,3,2,2,1,0,2,0
SYN-GAN-044,yes,tabular_vae,gan_pilot_training_set,SF-ROBOT-POST-CAST,pass_with_warnings,2,tabular_generative_pilot,2026-06-28,synthetic_pilot,yes,14,yes,tabular_vae,Pilot synthetic row in synthetic_scenario_dataset_all.csv,1,7,3,2,2,1,0,1,3,2,2,1,0,0,0
SYN-GAN-045,yes,tabular_vae,gan_pilot_training_set,SF-ROBOT-POST-CAST,pass_with_warnings,2,tabular_generative_pilot,2026-06-28,synthetic_pilot,yes,14,yes,tabular_vae,Pilot synthetic row in synthetic_scenario_dataset_all.csv,1,6,3,1,1,1,0,1,3,2,2,1,0,4,0
SYN-GAN-046,yes,tabular_vae,gan_pilot_training_set,SF-ROBOT-POST-CAST,pass_with_warnings,2,tabular_generative_pilot,2026-06-28,synthetic_pilot,yes,14,yes,tabular_vae,Pilot synthetic row in synthetic_scenario_dataset_all.csv,1,6,3,1,2,2,0,2,3,2,2,1,0,1,0
SYN-GAN-047,yes,tabular_vae,gan_pilot_training_set,SF-MIVAN-SLAB-CYCLE,pass,0,tabular_generative_pilot,2026-06-28,synthetic_pilot,yes,14,yes,tabular_vae,Pilot synthetic row in synthetic_scenario_dataset_all.csv,0,4,2,1,0,2,0,2,2,1,2,0,0,2,0
SYN-GAN-048,yes,tabular_vae,gan_pilot_training_set,SF-MIVAN-SLAB-CYCLE,pass,0,tabular_generative_pilot,2026-06-28,synthetic_pilot,yes,14,yes,tabular_vae,Pilot synthetic row in synthetic_scenario_dataset_all.csv,0,4,2,1,0,2,1,2,2,2,2,0,0,2,0
SYN-GAN-049,yes,tabular_vae,gan_pilot_training_set,SF-MIVAN-SLAB-CYCLE,pass,0,tabular_generative_pilot,2026-06-28,synthetic_pilot,yes,14,yes,tabular_vae,Pilot synthetic row in synthetic_scenario_dataset_all.csv,0,5,2,0,0,2,0,2,2,1,2,1,0,6,0
SYN-GAN-050,yes,tabular_vae,gan_pilot_training_set,SF-MIVAN-SLAB-CYCLE,pass,0,tabular_generative_pilot,2026-06-28,synthetic_pilot,yes,14,yes,tabular_vae,Pilot synthetic row in synthetic_scenario_dataset_all.csv,0,6,3,0,0,1,1,2,2,2,2,0,0,3,0
